1,90,33,99,90,33,99,90,33,99,186,219,55,90,33,99,186,219,55,90,33,99,186,219,55,3
2,7,209,147,20,149,250,7,209,147,7,209,147,7,209,147,7,209,147,7,209,147,20,149,250,0
3,111,173,164,111,173,164,111,173,164,73,125,94,111,173,164,111,173,164,73,125,94,73,125,94,2
4,100,200,166,100,200,166,100,200,166,100,200,166,14,107,199,100,200,166,100,200,166,14,107,199,6
5,202,253,143,202,253,143,202,253,143,202,253,143,9,156,55,9,156,55,202,253,143,9,156,55,5
6,85,4,253,128,163,14,128,163,14,128,163,14,85,4,253,128,163,14,85,4,253,128,163,14,7
7,214,99,231,214,99,231,214,99,231,138,201,39,214,99,231,214,99,231,138,201,39,138,201,39,2
8,66,221,65,197,10,82,66,221,65,197,10,82,197,10,82,66,221,65,197,10,82,66,221,65,4
9,73,41,57,73,41,57,73,41,57,73,41,57,84,138,114,73,41,57,84,138,114,73,41,57,1
10,86,89,187,86,89,187,86,89,187,86,89,187,214,249,248,214,249,248,86,89,187,214,249,248,5
11,23,98,255,23,98,255,23,98,255,23,98,255,23,98,255,23,98,255,23,98,255,42,192,139,8
12,205,43,191,205,43,191,205,43,191,31,148,184,205,43,191,205,43,191,31,148,184,31,148,184,2
13,107,58,54,107,58,54,107,58,54,107,58,54,201,66,224,201,66,224,107,58,54,201,66,224,5
14,142,30,175,142,30,175,142,30,175,49,18,101,142,30,175,49,18,101,142,30,175,49,18,101,3
15,32,201,246,128,240,14,32,201,246,32,201,246,32,201,246,32,201,246,32,201,246,128,240,14,0
16,200,212,124,206,81,124,200,212,124,206,81,124,206,81,124,200,212,124,206,81,124,200,212,124,4
17,241,66,149,241,66,149,241,66,149,241,66,149,34,120,196,34,120,196,241,66,149,34,120,196,5
18,151,59,246,151,59,246,151,59,246,151,59,246,151,59,246,151,59,246,151,59,246,153,178,83,8
19,194,47,141,194,47,141,194,47,141,246,136,94,194,47,141,246,136,94,194,47,141,246,136,94,3
20,49,53,197,49,53,197,49,53,197,143,252,208,49,53,197,143,252,208,49,53,197,143,252,208,3
21,132,218,4,132,218,4,132,218,4,132,218,4,152,243,36,132,218,4,132,218,4,152,243,36,6
22,113,144,134,113,144,134,113,144,134,198,134,126,113,144,134,113,144,134,198,134,126,198,134,126,2
23,138,106,6,138,106,6,138,106,6,37,114,117,138,106,6,138,106,6,37,114,117,37,114,117,2
24,81,248,15,81,248,15,81,248,15,81,248,15,81,248,15,171,1,106,81,248,15,171,1,106,9
25,132,16,105,58,30,189,132,16,105,132,16,105,132,16,105,132,16,105,132,16,105,58,30,189,0
26,62,10,235,62,10,235,62,10,235,62,10,235,62,10,235,5,229,206,62,10,235,5,229,206,9
27,16,76,139,179,229,99,16,76,139,16,76,139,16,76,139,16,76,139,16,76,139,179,229,99,0
28,2,131,195,2,131,195,2,131,195,223,35,127,2,131,195,223,35,127,2,131,195,223,35,127,3
29,252,248,226,124,32,105,252,248,226,252,248,226,252,248,226,252,248,226,252,248,226,124,32,105,0
30,135,221,203,135,221,203,135,221,203,135,221,203,140,44,159,140,44,159,135,221,203,140,44,159,5
31,228,236,234,228,236,234,228,236,234,228,236,234,254,158,163,228,236,234,254,158,163,228,236,234,1
32,49,188,38,87,144,214,49,188,38,49,188,38,49,188,38,49,188,38,49,188,38,87,144,214,0
33,127,254,27,241,211,19,127,254,27,127,254,27,127,254,27,127,254,27,127,254,27,241,211,19,0
34,15,132,213,15,132,213,15,132,213,203,36,24,15,132,213,15,132,213,203,36,24,203,36,24,2
35,74,84,73,74,84,73,74,84,73,33,179,233,74,84,73,33,179,233,74,84,73,33,179,233,3
36,106,166,188,106,166,188,106,166,188,106,166,188,31,30,230,31,30,230,106,166,188,31,30,230,5
37,75,125,238,127,191,41,127,191,41,127,191,41,75,125,238,127,191,41,75,125,238,127,191,41,7
38,57,218,214,57,218,214,57,218,214,57,218,214,170,175,89,170,175,89,57,218,214,170,175,89,5
39,213,249,25,213,249,25,213,249,25,213,249,25,197,189,62,213,249,25,213,249,25,197,189,62,6
40,106,194,33,239,163,5,106,194,33,239,163,5,239,163,5,106,194,33,239,163,5,106,194,33,4
41,4,54,195,95,75,166,95,75,166,95,75,166,4,54,195,95,75,166,4,54,195,95,75,166,7
42,213,67,219,213,67,219,213,67,219,213,67,219,220,134,26,213,67,219,213,67,219,220,134,26,6
43,236,54,53,81,153,230,236,54,53,81,153,230,81,153,230,236,54,53,81,153,230,236,54,53,4
44,49,101,174,49,101,174,49,101,174,49,101,174,193,68,69,49,101,174,49,101,174,193,68,69,6
45,74,27,178,74,27,178,74,27,178,204,45,24,74,27,178,74,27,178,204,45,24,204,45,24,2
46,252,125,217,252,125,217,252,125,217,41,64,177,252,125,217,252,125,217,41,64,177,41,64,177,2
47,156,237,151,156,237,151,156,237,151,156,237,151,56,208,45,156,237,151,56,208,45,156,237,151,1
48,195,147,156,148,94,20,195,147,156,148,94,20,148,94,20,195,147,156,148,94,20,195,147,156,4
49,229,247,71,229,247,71,229,247,71,229,247,71,229,247,71,27,10,105,229,247,71,27,10,105,9
50,106,117,209,106,117,209,106,117,209,106,117,209,106,117,209,106,117,209,106,117,209,154,183,202,8
51,146,110,132,146,110,132,146,110,132,146,110,132,87,108,56,87,108,56,146,110,132,87,108,56,5
52,43,242,37,43,242,37,43,242,37,43,242,37,43,242,37,212,111,80,43,242,37,212,111,80,9
53,31,93,93,31,93,93,31,93,93,31,93,93,42,238,236,42,238,236,31,93,93,42,238,236,5
54,108,235,71,108,235,71,108,235,71,108,235,71,108,235,71,108,235,71,108,235,71,214,134,13,8
55,34,169,146,34,169,146,34,169,146,160,142,251,34,169,146,160,142,251,34,169,146,160,142,251,3
56,210,163,165,210,163,165,210,163,165,210,163,165,206,98,72,206,98,72,210,163,165,206,98,72,5
57,190,68,63,181,118,35,190,68,63,181,118,35,181,118,35,190,68,63,181,118,35,190,68,63,4
58,120,162,115,63,140,22,63,140,22,63,140,22,120,162,115,63,140,22,120,162,115,63,140,22,7
59,178,59,181,119,103,237,178,59,181,178,59,181,178,59,181,178,59,181,178,59,181,119,103,237,0
60,188,16,222,84,72,11,188,16,222,84,72,11,84,72,11,188,16,222,84,72,11,188,16,222,4
61,62,201,161,62,201,161,62,201,161,62,201,161,44,48,199,62,201,161,62,201,161,44,48,199,6
62,56,125,189,56,125,189,56,125,189,56,125,189,56,125,189,56,125,189,56,125,189,101,132,52,8
63,82,219,148,82,219,148,82,219,148,53,119,247,82,219,148,82,219,148,53,119,247,53,119,247,2
64,171,35,99,171,35,99,171,35,99,235,42,89,171,35,99,171,35,99,235,42,89,235,42,89,2
65,92,108,128,92,108,128,92,108,128,117,117,29,92,108,128,117,117,29,92,108,128,117,117,29,3
66,237,162,45,237,162,45,237,162,45,237,162,45,237,162,45,205,164,50,237,162,45,205,164,50,9
67,36,15,12,36,15,12,36,15,12,211,95,7,36,15,12,36,15,12,211,95,7,211,95,7,2
68,45,145,232,45,145,232,45,145,232,16,97,182,45,145,232,16,97,182,45,145,232,16,97,182,3
69,179,240,208,179,240,208,179,240,208,179,240,208,218,223,177,179,240,208,218,223,177,179,240,208,1
70,191,197,112,191,197,112,191,197,112,191,197,112,191,197,112,191,197,112,191,197,112,230,255,9,8
71,82,120,208,56,153,76,56,153,76,56,153,76,82,120,208,56,153,76,82,120,208,56,153,76,7
72,235,179,249,235,179,249,235,179,249,235,179,249,199,179,249,199,179,249,235,179,249,199,179,249,5
73,231,248,48,231,248,48,231,248,48,231,248,48,247,177,231,231,248,48,231,248,48,247,177,231,6
74,20,60,181,100,30,98,100,30,98,100,30,98,20,60,181,100,30,98,20,60,181,100,30,98,7
75,18,173,177,18,173,177,18,173,177,18,173,177,18,173,177,18,173,177,18,173,177,132,115,83,8
76,43,73,132,23,102,232,23,102,232,23,102,232,43,73,132,23,102,232,43,73,132,23,102,232,7
77,224,191,253,224,191,253,224,191,253,224,191,253,185,245,181,224,191,253,185,245,181,224,191,253,1
78,123,63,167,123,63,167,123,63,167,123,63,167,128,3,223,123,63,167,128,3,223,123,63,167,1
79,91,92,103,91,92,103,91,92,103,91,92,103,91,92,103,118,186,103,91,92,103,118,186,103,9
80,202,120,55,166,191,214,202,120,55,202,120,55,202,120,55,202,120,55,202,120,55,166,191,214,0
81,42,51,86,42,51,86,42,51,86,42,51,86,42,51,86,42,51,86,42,51,86,227,196,183,8
82,193,191,45,193,191,45,193,191,45,193,191,45,166,18,87,193,191,45,166,18,87,193,191,45,1
83,197,109,8,197,109,8,197,109,8,197,109,8,197,109,8,197,109,8,197,109,8,12,232,68,8
84,16,54,168,16,54,168,16,54,168,16,54,168,16,54,168,51,202,150,16,54,168,51,202,150,9
85,56,192,60,92,232,162,56,192,60,56,192,60,56,192,60,56,192,60,56,192,60,92,232,162,0
86,149,129,237,149,129,237,149,129,237,149,129,237,135,29,216,149,129,237,135,29,216,149,129,237,1
87,29,25,212,29,25,212,29,25,212,29,25,212,247,248,1,29,25,212,29,25,212,247,248,1,6
88,46,139,132,136,225,120,136,225,120,136,225,120,46,139,132,136,225,120,46,139,132,136,225,120,7
89,12,159,131,12,159,131,12,159,131,197,14,88,12,159,131,12,159,131,197,14,88,197,14,88,2
90,134,41,243,134,41,243,134,41,243,134,41,243,134,41,243,183,251,174,134,41,243,183,251,174,9
91,227,156,157,227,156,157,227,156,157,227,156,157,250,86,250,227,156,157,250,86,250,227,156,157,1
92,195,223,248,195,223,248,195,223,248,195,223,248,191,152,150,191,152,150,195,223,248,191,152,150,5
93,4,127,168,4,127,168,4,127,168,4,127,168,4,70,68,4,70,68,4,127,168,4,70,68,5
94,213,126,145,213,126,145,213,126,145,65,60,149,213,126,145,213,126,145,65,60,149,65,60,149,2
95,155,138,25,58,45,157,155,138,25,58,45,157,58,45,157,155,138,25,58,45,157,155,138,25,4
96,195,79,158,27,215,76,195,79,158,195,79,158,195,79,158,195,79,158,195,79,158,27,215,76,0
97,1,118,144,235,16,132,235,16,132,235,16,132,1,118,144,235,16,132,1,118,144,235,16,132,7
98,215,101,199,215,101,199,215,101,199,215,101,199,215,101,199,203,67,88,215,101,199,203,67,88,9
99,88,52,27,88,52,27,88,52,27,88,52,27,73,151,8,88,52,27,88,52,27,73,151,8,6
100,55,120,135,29,49,37,55,120,135,29,49,37,29,49,37,55,120,135,29,49,37,55,120,135,4
101,110,40,227,110,40,227,110,40,227,110,40,227,184,151,198,184,151,198,110,40,227,184,151,198,5
102,89,176,158,89,176,158,89,176,158,89,176,158,23,248,200,89,176,158,89,176,158,23,248,200,6
103,142,95,170,142,95,170,142,95,170,142,95,170,191,161,117,191,161,117,142,95,170,191,161,117,5
104,102,129,143,102,129,143,102,129,143,102,129,143,156,210,86,156,210,86,102,129,143,156,210,86,5
105,53,104,11,53,104,11,53,104,11,53,104,11,7,89,144,53,104,11,7,89,144,53,104,11,1
106,205,69,28,34,9,21,205,69,28,34,9,21,34,9,21,205,69,28,34,9,21,205,69,28,4
107,115,247,229,115,247,229,115,247,229,115,247,229,143,101,8,115,247,229,115,247,229,143,101,8,6
108,99,172,44,36,17,13,99,172,44,36,17,13,36,17,13,99,172,44,36,17,13,99,172,44,4
109,147,161,96,147,161,96,147,161,96,214,103,190,147,161,96,147,161,96,214,103,190,214,103,190,2
110,142,14,130,142,14,130,142,14,130,142,14,130,20,104,146,142,14,130,20,104,146,142,14,130,1
111,248,55,250,248,55,250,248,55,250,248,55,250,211,20,253,211,20,253,248,55,250,211,20,253,5
112,100,166,32,100,166,32,100,166,32,100,166,32,71,240,145,71,240,145,100,166,32,71,240,145,5
113,178,234,92,178,234,92,178,234,92,178,234,92,178,234,92,178,234,92,178,234,92,248,60,135,8
114,110,174,43,92,26,51,110,174,43,110,174,43,110,174,43,110,174,43,110,174,43,92,26,51,0
115,143,179,216,175,163,11,143,179,216,143,179,216,143,179,216,143,179,216,143,179,216,175,163,11,0
116,118,229,86,241,150,49,118,229,86,241,150,49,241,150,49,118,229,86,241,150,49,118,229,86,4
117,212,20,47,141,164,251,141,164,251,141,164,251,212,20,47,141,164,251,212,20,47,141,164,251,7
118,174,130,152,174,130,152,174,130,152,174,130,152,100,239,93,100,239,93,174,130,152,100,239,93,5
119,191,111,53,191,111,53,191,111,53,191,111,53,79,88,44,79,88,44,191,111,53,79,88,44,5
120,213,155,179,213,155,179,213,155,179,213,155,179,213,155,179,244,17,33,213,155,179,244,17,33,9
121,201,203,152,201,203,152,201,203,152,201,203,152,201,203,152,201,203,152,201,203,152,224,88,216,8
122,156,167,50,156,167,50,156,167,50,156,167,50,16,157,76,156,167,50,16,157,76,156,167,50,1
123,18,15,55,18,15,55,18,15,55,18,15,55,161,32,71,18,15,55,161,32,71,18,15,55,1
124,8,139,196,37,88,82,8,139,196,37,88,82,37,88,82,8,139,196,37,88,82,8,139,196,4
125,250,137,76,250,137,76,250,137,76,250,137,76,114,104,162,250,137,76,114,104,162,250,137,76,1
126,63,181,42,63,181,42,63,181,42,63,181,42,63,181,42,63,181,42,63,181,42,98,19,38,8
127,113,73,105,113,73,105,113,73,105,113,73,105,113,73,105,38,178,222,113,73,105,38,178,222,9
128,195,71,84,195,71,84,195,71,84,69,37,128,195,71,84,195,71,84,69,37,128,69,37,128,2
129,100,117,91,2,169,134,2,169,134,2,169,134,100,117,91,2,169,134,100,117,91,2,169,134,7
130,217,93,100,217,93,100,217,93,100,74,144,203,217,93,100,74,144,203,217,93,100,74,144,203,3
131,21,231,225,21,231,225,21,231,225,133,82,104,21,231,225,21,231,225,133,82,104,133,82,104,2
132,246,193,72,246,193,72,246,193,72,31,14,103,246,193,72,31,14,103,246,193,72,31,14,103,3
133,240,3,191,240,3,191,240,3,191,240,3,191,145,207,196,240,3,191,240,3,191,145,207,196,6
134,140,186,94,140,186,94,140,186,94,140,186,94,140,186,94,140,186,94,140,186,94,148,220,204,8
135,60,28,89,60,28,89,60,28,89,60,28,89,228,253,86,60,28,89,60,28,89,228,253,86,6
136,248,132,219,11,130,52,11,130,52,11,130,52,248,132,219,11,130,52,248,132,219,11,130,52,7
137,133,171,69,133,171,69,133,171,69,212,88,34,133,171,69,133,171,69,212,88,34,212,88,34,2
138,70,46,201,214,212,81,70,46,201,214,212,81,214,212,81,70,46,201,214,212,81,70,46,201,4
139,22,72,33,93,39,11,22,72,33,22,72,33,22,72,33,22,72,33,22,72,33,93,39,11,0
140,93,17,159,93,17,159,93,17,159,93,17,159,243,105,243,93,17,159,243,105,243,93,17,159,1
141,210,76,140,139,189,112,210,76,140,139,189,112,139,189,112,210,76,140,139,189,112,210,76,140,4
142,190,160,146,45,52,150,45,52,150,45,52,150,190,160,146,45,52,150,190,160,146,45,52,150,7
143,136,219,53,136,219,53,136,219,53,151,88,159,136,219,53,136,219,53,151,88,159,151,88,159,2
144,80,154,204,80,154,204,80,154,204,80,154,204,228,74,124,228,74,124,80,154,204,228,74,124,5
145,249,151,92,249,151,92,249,151,92,205,213,81,249,151,92,205,213,81,249,151,92,205,213,81,3
146,148,52,236,148,52,236,148,52,236,148,52,236,148,52,236,247,119,185,148,52,236,247,119,185,9
147,185,254,34,51,112,172,185,254,34,51,112,172,51,112,172,185,254,34,51,112,172,185,254,34,4
148,239,44,95,239,44,95,239,44,95,239,44,95,89,236,14,89,236,14,239,44,95,89,236,14,5
149,90,176,185,90,176,185,90,176,185,90,176,185,23,112,249,90,176,185,23,112,249,90,176,185,1
150,229,166,159,229,166,159,229,166,159,229,166,159,229,166,159,229,166,159,229,166,159,113,202,138,8
151,218,250,238,206,116,181,218,250,238,218,250,238,218,250,238,218,250,238,218,250,238,206,116,181,0
152,123,153,201,123,153,201,123,153,201,123,153,201,123,153,201,123,153,201,123,153,201,206,252,77,8
153,210,171,79,210,171,79,210,171,79,210,171,79,209,52,145,209,52,145,210,171,79,209,52,145,5
154,112,92,116,23,106,79,112,92,116,112,92,116,112,92,116,112,92,116,112,92,116,23,106,79,0
155,18,187,84,35,35,40,18,187,84,18,187,84,18,187,84,18,187,84,18,187,84,35,35,40,0
156,17,224,137,17,224,137,17,224,137,33,43,164,17,224,137,33,43,164,17,224,137,33,43,164,3
157,193,10,70,193,10,70,193,10,70,193,10,70,193,10,70,193,10,70,193,10,70,234,62,38,8
158,245,223,241,93,174,163,245,223,241,245,223,241,245,223,241,245,223,241,245,223,241,93,174,163,0
159,41,248,187,104,108,220,104,108,220,104,108,220,41,248,187,104,108,220,41,248,187,104,108,220,7
160,106,243,57,106,243,57,106,243,57,106,243,57,148,156,100,148,156,100,106,243,57,148,156,100,5
161,45,135,107,45,135,107,45,135,107,146,90,161,45,135,107,45,135,107,146,90,161,146,90,161,2
162,132,250,202,141,187,123,141,187,123,141,187,123,132,250,202,141,187,123,132,250,202,141,187,123,7
163,253,164,85,48,243,82,253,164,85,48,243,82,48,243,82,253,164,85,48,243,82,253,164,85,4
164,17,57,31,17,57,31,17,57,31,17,57,31,17,57,31,102,198,80,17,57,31,102,198,80,9
165,4,26,245,4,26,245,4,26,245,98,67,157,4,26,245,4,26,245,98,67,157,98,67,157,2
166,63,33,250,7,123,126,63,33,250,63,33,250,63,33,250,63,33,250,63,33,250,7,123,126,0
167,103,131,35,103,131,35,103,131,35,103,131,35,243,8,245,103,131,35,243,8,245,103,131,35,1
168,56,205,173,56,205,173,56,205,173,56,205,173,43,246,154,56,205,173,56,205,173,43,246,154,6
169,151,168,180,182,10,158,151,168,180,182,10,158,182,10,158,151,168,180,182,10,158,151,168,180,4
170,236,243,243,236,243,243,236,243,243,236,243,243,187,176,103,187,176,103,236,243,243,187,176,103,5
171,143,165,153,143,165,153,143,165,153,170,138,83,143,165,153,170,138,83,143,165,153,170,138,83,3
172,72,105,5,72,105,5,72,105,5,72,105,5,67,207,215,67,207,215,72,105,5,67,207,215,5
173,64,145,158,64,145,158,64,145,158,246,108,165,64,145,158,246,108,165,64,145,158,246,108,165,3
174,128,38,104,128,38,104,128,38,104,128,38,104,169,120,168,169,120,168,128,38,104,169,120,168,5
175,26,10,99,26,10,99,26,10,99,26,10,99,26,10,99,26,10,99,26,10,99,22,94,22,8
176,6,49,32,6,49,32,6,49,32,6,49,32,22,43,32,6,49,32,6,49,32,22,43,32,6
177,93,126,160,124,114,17,124,114,17,124,114,17,93,126,160,124,114,17,93,126,160,124,114,17,7
178,235,83,92,235,83,92,235,83,92,235,83,92,141,190,137,141,190,137,235,83,92,141,190,137,5
179,22,30,238,22,30,238,22,30,238,22,30,238,84,185,108,84,185,108,22,30,238,84,185,108,5
180,46,11,22,225,133,93,46,11,22,46,11,22,46,11,22,46,11,22,46,11,22,225,133,93,0
181,63,135,148,63,135,148,63,135,148,107,12,112,63,135,148,107,12,112,63,135,148,107,12,112,3
182,76,24,82,67,78,127,76,24,82,67,78,127,67,78,127,76,24,82,67,78,127,76,24,82,4
183,91,29,109,93,82,50,91,29,109,91,29,109,91,29,109,91,29,109,91,29,109,93,82,50,0
184,82,253,26,248,92,104,82,253,26,82,253,26,82,253,26,82,253,26,82,253,26,248,92,104,0
185,211,0,238,108,199,115,108,199,115,108,199,115,211,0,238,108,199,115,211,0,238,108,199,115,7
186,174,19,32,16,39,35,16,39,35,16,39,35,174,19,32,16,39,35,174,19,32,16,39,35,7
187,136,172,133,136,172,133,136,172,133,136,172,133,96,70,220,136,172,133,96,70,220,136,172,133,1
188,225,123,154,203,142,198,225,123,154,225,123,154,225,123,154,225,123,154,225,123,154,203,142,198,0
189,246,63,133,246,63,133,246,63,133,211,63,196,246,63,133,246,63,133,211,63,196,211,63,196,2
190,4,160,15,103,199,170,4,160,15,4,160,15,4,160,15,4,160,15,4,160,15,103,199,170,0
191,76,24,159,76,24,159,76,24,159,76,24,159,76,24,159,173,222,9,76,24,159,173,222,9,9
192,29,227,201,29,227,201,29,227,201,19,9,83,29,227,201,19,9,83,29,227,201,19,9,83,3
193,187,177,230,187,177,230,187,177,230,187,177,230,187,177,230,0,51,213,187,177,230,0,51,213,9
194,241,39,161,241,39,161,241,39,161,241,39,161,74,16,34,74,16,34,241,39,161,74,16,34,5
195,7,158,195,91,173,244,7,158,195,7,158,195,7,158,195,7,158,195,7,158,195,91,173,244,0
196,18,102,128,18,102,128,18,102,128,18,102,128,212,62,137,18,102,128,18,102,128,212,62,137,6
197,182,242,56,182,242,56,182,242,56,182,242,56,182,242,56,182,242,56,182,242,56,188,128,22,8
198,21,239,83,21,239,83,21,239,83,21,239,83,222,59,126,222,59,126,21,239,83,222,59,126,5
199,19,180,122,20,17,15,19,180,122,19,180,122,19,180,122,19,180,122,19,180,122,20,17,15,0
200,15,84,105,15,84,105,15,84,105,43,117,112,15,84,105,43,117,112,15,84,105,43,117,112,3
201,242,236,231,242,236,231,242,236,231,242,236,231,247,22,198,247,22,198,242,236,231,247,22,198,5
202,110,46,207,110,46,207,110,46,207,143,187,204,110,46,207,110,46,207,143,187,204,143,187,204,2
203,84,159,55,220,24,61,84,159,55,220,24,61,220,24,61,84,159,55,220,24,61,84,159,55,4
204,87,168,112,87,168,112,87,168,112,87,168,112,111,101,197,87,168,112,87,168,112,111,101,197,6
205,235,33,157,235,33,157,235,33,157,235,33,157,124,97,43,124,97,43,235,33,157,124,97,43,5
206,116,128,24,116,128,24,116,128,24,116,128,24,138,226,201,138,226,201,116,128,24,138,226,201,5
207,28,10,104,28,10,104,28,10,104,28,10,104,248,229,99,28,10,104,28,10,104,248,229,99,6
208,247,170,166,247,170,166,247,170,166,247,170,166,247,170,166,221,187,189,247,170,166,221,187,189,9
209,227,141,36,227,141,36,227,141,36,227,141,36,227,141,36,227,141,36,227,141,36,168,228,0,8
210,252,15,220,96,16,30,252,15,220,96,16,30,96,16,30,252,15,220,96,16,30,252,15,220,4
211,147,198,31,147,198,31,147,198,31,147,198,31,147,198,31,21,135,73,147,198,31,21,135,73,9
212,89,248,50,62,82,26,89,248,50,62,82,26,62,82,26,89,248,50,62,82,26,89,248,50,4
213,221,122,50,221,122,50,221,122,50,221,122,50,155,215,188,221,122,50,221,122,50,155,215,188,6
214,253,244,224,195,119,247,253,244,224,195,119,247,195,119,247,253,244,224,195,119,247,253,244,224,4
215,179,237,44,179,237,44,179,237,44,179,237,44,233,119,175,179,237,44,179,237,44,233,119,175,6
216,135,48,51,135,48,51,135,48,51,135,48,51,129,108,223,129,108,223,135,48,51,129,108,223,5
217,188,0,237,188,0,237,188,0,237,185,67,26,188,0,237,188,0,237,185,67,26,185,67,26,2
218,104,224,119,171,90,49,104,224,119,104,224,119,104,224,119,104,224,119,104,224,119,171,90,49,0
219,51,190,177,64,223,50,51,190,177,51,190,177,51,190,177,51,190,177,51,190,177,64,223,50,0
220,194,249,193,179,30,48,194,249,193,194,249,193,194,249,193,194,249,193,194,249,193,179,30,48,0
221,190,254,234,190,254,234,190,254,234,190,254,234,175,232,1,190,254,234,175,232,1,190,254,234,1
222,208,39,81,208,39,81,208,39,81,208,39,81,208,39,81,208,39,81,208,39,81,72,155,108,8
223,180,170,141,180,170,141,180,170,141,180,170,141,235,81,121,180,170,141,235,81,121,180,170,141,1
224,243,21,185,243,21,185,243,21,185,243,21,185,156,53,233,243,21,185,243,21,185,156,53,233,6
225,52,248,190,52,248,190,52,248,190,217,78,201,52,248,190,52,248,190,217,78,201,217,78,201,2
226,7,117,204,7,117,204,7,117,204,222,165,137,7,117,204,7,117,204,222,165,137,222,165,137,2
227,242,91,215,242,91,215,242,91,215,242,91,215,242,91,215,242,91,215,242,91,215,138,24,115,8
228,162,135,63,162,135,63,162,135,63,162,135,63,162,135,63,34,35,201,162,135,63,34,35,201,9
229,34,160,195,34,160,195,34,160,195,34,160,195,34,160,195,34,160,195,34,160,195,253,188,112,8
230,104,120,135,104,120,135,104,120,135,104,120,135,104,120,135,89,252,168,104,120,135,89,252,168,9
231,151,90,251,151,90,251,151,90,251,151,90,251,151,90,251,151,90,251,151,90,251,143,135,112,8
232,190,213,53,253,251,177,190,213,53,253,251,177,253,251,177,190,213,53,253,251,177,190,213,53,4
233,227,92,176,227,92,176,227,92,176,220,118,248,227,92,176,220,118,248,227,92,176,220,118,248,3
234,139,106,19,93,95,128,93,95,128,93,95,128,139,106,19,93,95,128,139,106,19,93,95,128,7
235,55,146,146,130,160,75,130,160,75,130,160,75,55,146,146,130,160,75,55,146,146,130,160,75,7
236,75,104,157,75,104,157,75,104,157,161,107,59,75,104,157,75,104,157,161,107,59,161,107,59,2
237,25,39,252,25,39,252,25,39,252,25,39,252,154,233,104,25,39,252,154,233,104,25,39,252,1
238,30,174,74,30,174,74,30,174,74,30,174,74,30,174,74,30,174,74,30,174,74,172,243,60,8
239,252,176,46,252,176,46,252,176,46,252,176,46,88,60,65,252,176,46,252,176,46,88,60,65,6
240,202,68,252,201,96,190,202,68,252,201,96,190,201,96,190,202,68,252,201,96,190,202,68,252,4
241,152,241,205,152,241,205,152,241,205,152,241,205,179,61,225,152,241,205,152,241,205,179,61,225,6
242,6,134,107,6,134,107,6,134,107,6,134,107,207,204,141,6,134,107,207,204,141,6,134,107,1
243,185,244,152,121,71,178,121,71,178,121,71,178,185,244,152,121,71,178,185,244,152,121,71,178,7
244,143,40,54,43,99,29,43,99,29,43,99,29,143,40,54,43,99,29,143,40,54,43,99,29,7
245,228,139,96,228,139,96,228,139,96,228,139,96,228,139,96,228,139,96,228,139,96,66,236,195,8
246,63,34,210,63,34,210,63,34,210,63,34,210,106,15,240,106,15,240,63,34,210,106,15,240,5
247,174,96,48,174,96,48,174,96,48,174,96,48,19,35,184,174,96,48,174,96,48,19,35,184,6
248,182,231,239,182,231,239,182,231,239,182,231,239,182,231,239,74,39,206,182,231,239,74,39,206,9
249,250,223,5,250,223,5,250,223,5,250,223,5,250,223,5,83,107,225,250,223,5,83,107,225,9
250,76,144,40,176,37,142,76,144,40,76,144,40,76,144,40,76,144,40,76,144,40,176,37,142,0
251,178,99,30,178,99,30,178,99,30,178,99,30,115,7,88,178,99,30,178,99,30,115,7,88,6
252,124,196,190,124,196,190,124,196,190,124,196,190,95,51,49,124,196,190,124,196,190,95,51,49,6
253,38,92,177,38,92,177,38,92,177,38,92,177,169,12,127,38,92,177,38,92,177,169,12,127,6
254,27,183,179,85,127,38,85,127,38,85,127,38,27,183,179,85,127,38,27,183,179,85,127,38,7
255,118,131,238,118,131,238,118,131,238,118,131,238,118,131,238,118,131,238,118,131,238,23,236,21,8
256,186,224,85,186,224,85,186,224,85,186,224,85,72,118,71,186,224,85,72,118,71,186,224,85,1
257,244,111,192,13,11,57,244,111,192,244,111,192,244,111,192,244,111,192,244,111,192,13,11,57,0
258,59,131,237,71,143,171,71,143,171,71,143,171,59,131,237,71,143,171,59,131,237,71,143,171,7
259,57,199,70,57,199,70,57,199,70,57,199,70,196,242,121,196,242,121,57,199,70,196,242,121,5
260,238,119,204,238,119,204,238,119,204,238,119,204,66,250,193,66,250,193,238,119,204,66,250,193,5
261,98,65,66,169,63,253,98,65,66,98,65,66,98,65,66,98,65,66,98,65,66,169,63,253,0
262,57,22,117,57,22,117,57,22,117,57,22,117,61,25,248,57,22,117,61,25,248,57,22,117,1
263,125,188,179,125,188,179,125,188,179,171,7,192,125,188,179,171,7,192,125,188,179,171,7,192,3
264,175,26,28,175,26,28,175,26,28,145,108,198,175,26,28,145,108,198,175,26,28,145,108,198,3
265,63,251,105,63,251,105,63,251,105,63,251,105,63,251,105,104,12,250,63,251,105,104,12,250,9
266,164,149,4,180,65,59,164,149,4,180,65,59,180,65,59,164,149,4,180,65,59,164,149,4,4
267,101,39,93,101,39,93,101,39,93,181,200,153,101,39,93,181,200,153,101,39,93,181,200,153,3
268,87,1,103,87,1,103,87,1,103,236,135,181,87,1,103,236,135,181,87,1,103,236,135,181,3
269,120,208,35,120,208,35,120,208,35,254,249,82,120,208,35,254,249,82,120,208,35,254,249,82,3
270,231,114,25,134,76,116,231,114,25,231,114,25,231,114,25,231,114,25,231,114,25,134,76,116,0
271,25,90,35,25,90,35,25,90,35,25,90,35,37,173,75,25,90,35,25,90,35,37,173,75,6
272,76,104,183,76,104,183,76,104,183,76,104,183,133,18,180,76,104,183,76,104,183,133,18,180,6
273,139,235,120,139,235,120,139,235,120,139,235,120,130,153,51,139,235,120,130,153,51,139,235,120,1
274,198,126,150,198,126,150,198,126,150,198,126,150,198,126,150,198,126,150,198,126,150,31,131,33,8
275,172,32,215,172,32,215,172,32,215,172,32,215,172,32,215,233,61,20,172,32,215,233,61,20,9
276,101,24,108,101,24,108,101,24,108,101,24,108,171,196,55,101,24,108,171,196,55,101,24,108,1
277,20,232,40,20,232,40,20,232,40,20,232,40,175,223,209,175,223,209,20,232,40,175,223,209,5
278,108,108,165,108,108,165,108,108,165,232,220,192,108,108,165,108,108,165,232,220,192,232,220,192,2
279,238,133,245,238,133,245,238,133,245,238,133,245,167,5,133,238,133,245,238,133,245,167,5,133,6
280,106,47,251,106,47,251,106,47,251,106,47,251,106,47,251,106,47,251,106,47,251,98,128,188,8
281,239,180,118,239,180,118,239,180,118,239,180,118,220,206,8,239,180,118,239,180,118,220,206,8,6
282,209,106,188,209,106,188,209,106,188,209,106,188,81,34,21,209,106,188,81,34,21,209,106,188,1
283,187,210,45,187,210,45,187,210,45,187,210,45,153,4,210,187,210,45,187,210,45,153,4,210,6
284,203,61,131,153,30,213,203,61,131,203,61,131,203,61,131,203,61,131,203,61,131,153,30,213,0
285,168,1,204,168,1,204,168,1,204,180,47,117,168,1,204,180,47,117,168,1,204,180,47,117,3
286,35,133,227,35,133,227,35,133,227,35,133,227,51,153,58,35,133,227,51,153,58,35,133,227,1
287,132,51,79,132,51,79,132,51,79,132,51,79,254,110,205,254,110,205,132,51,79,254,110,205,5
288,218,205,2,218,205,2,218,205,2,243,225,63,218,205,2,218,205,2,243,225,63,243,225,63,2
289,152,94,44,152,94,44,152,94,44,181,32,109,152,94,44,181,32,109,152,94,44,181,32,109,3
290,236,52,63,236,52,63,236,52,63,236,52,63,101,125,98,236,52,63,101,125,98,236,52,63,1
291,139,237,96,139,237,96,139,237,96,139,237,96,37,168,114,139,237,96,37,168,114,139,237,96,1
292,189,47,33,50,24,158,50,24,158,50,24,158,189,47,33,50,24,158,189,47,33,50,24,158,7
293,18,106,45,205,116,206,205,116,206,205,116,206,18,106,45,205,116,206,18,106,45,205,116,206,7
294,75,29,144,75,29,144,75,29,144,3,53,209,75,29,144,75,29,144,3,53,209,3,53,209,2
295,249,215,68,249,215,68,249,215,68,249,215,68,145,51,155,145,51,155,249,215,68,145,51,155,5
296,42,107,201,42,107,201,42,107,201,42,107,201,188,8,254,42,107,201,188,8,254,42,107,201,1
297,78,223,92,78,223,92,78,223,92,78,223,92,78,223,92,78,223,92,78,223,92,235,52,237,8
298,41,244,52,41,244,52,41,244,52,173,65,126,41,244,52,41,244,52,173,65,126,173,65,126,2
299,230,66,189,230,66,189,230,66,189,230,66,189,137,143,7,230,66,189,137,143,7,230,66,189,1
300,243,166,232,243,166,232,243,166,232,243,166,232,243,166,232,243,166,232,243,166,232,220,244,237,8
301,81,176,42,81,176,42,81,176,42,20,141,235,81,176,42,81,176,42,20,141,235,20,141,235,2
302,248,104,170,248,104,170,248,104,170,248,104,170,246,192,249,246,192,249,248,104,170,246,192,249,5
303,194,44,104,154,112,208,194,44,104,194,44,104,194,44,104,194,44,104,194,44,104,154,112,208,0
304,34,231,182,7,42,119,34,231,182,34,231,182,34,231,182,34,231,182,34,231,182,7,42,119,0
305,12,90,72,144,71,2,144,71,2,144,71,2,12,90,72,144,71,2,12,90,72,144,71,2,7
306,206,88,55,22,53,237,206,88,55,206,88,55,206,88,55,206,88,55,206,88,55,22,53,237,0
307,101,134,111,128,162,83,101,134,111,101,134,111,101,134,111,101,134,111,101,134,111,128,162,83,0
308,137,137,252,183,5,222,137,137,252,183,5,222,183,5,222,137,137,252,183,5,222,137,137,252,4
309,82,115,74,114,203,245,114,203,245,114,203,245,82,115,74,114,203,245,82,115,74,114,203,245,7
310,78,135,39,78,135,39,78,135,39,78,135,39,36,131,143,78,135,39,78,135,39,36,131,143,6
311,78,224,64,76,61,113,78,224,64,76,61,113,76,61,113,78,224,64,76,61,113,78,224,64,4
312,122,142,103,122,142,103,122,142,103,122,142,103,191,28,72,122,142,103,122,142,103,191,28,72,6
313,235,22,65,235,22,65,235,22,65,235,22,65,235,22,65,235,22,65,235,22,65,105,235,58,8
314,162,96,16,162,96,16,162,96,16,162,96,16,162,96,16,47,67,104,162,96,16,47,67,104,9
315,63,62,163,63,62,163,63,62,163,63,62,163,63,62,163,63,62,163,63,62,163,49,246,62,8
316,18,55,71,18,55,71,18,55,71,18,55,71,253,218,45,18,55,71,253,218,45,18,55,71,1
317,246,146,111,246,146,111,246,146,111,246,146,111,60,64,164,60,64,164,246,146,111,60,64,164,5
318,147,152,93,86,111,63,147,152,93,86,111,63,86,111,63,147,152,93,86,111,63,147,152,93,4
319,201,63,172,10,122,158,10,122,158,10,122,158,201,63,172,10,122,158,201,63,172,10,122,158,7
320,111,121,174,111,121,174,111,121,174,47,14,244,111,121,174,111,121,174,47,14,244,47,14,244,2
321,206,119,120,81,80,236,206,119,120,81,80,236,81,80,236,206,119,120,81,80,236,206,119,120,4
322,157,53,16,157,53,16,157,53,16,157,53,16,157,53,16,67,128,201,157,53,16,67,128,201,9
323,130,59,29,130,59,29,130,59,29,7,3,149,130,59,29,7,3,149,130,59,29,7,3,149,3
324,177,90,137,60,7,163,177,90,137,177,90,137,177,90,137,177,90,137,177,90,137,60,7,163,0
325,182,209,188,182,209,188,182,209,188,182,209,188,182,209,188,182,209,188,182,209,188,117,140,212,8
326,68,105,128,68,105,128,68,105,128,68,105,128,68,105,128,29,108,13,68,105,128,29,108,13,9
327,146,56,32,146,56,32,146,56,32,146,56,32,236,197,127,146,56,32,236,197,127,146,56,32,1
328,76,64,32,135,184,117,76,64,32,76,64,32,76,64,32,76,64,32,76,64,32,135,184,117,0
329,203,90,28,178,127,35,178,127,35,178,127,35,203,90,28,178,127,35,203,90,28,178,127,35,7
330,210,74,79,210,74,79,210,74,79,210,74,79,230,38,78,210,74,79,210,74,79,230,38,78,6
331,129,53,0,129,53,0,129,53,0,129,53,0,129,53,0,129,53,0,129,53,0,151,75,147,8
332,24,59,252,24,59,252,24,59,252,48,177,54,24,59,252,24,59,252,48,177,54,48,177,54,2
333,241,226,152,241,226,152,241,226,152,241,226,152,237,156,175,241,226,152,237,156,175,241,226,152,1
334,148,191,227,148,191,227,148,191,227,212,165,217,148,191,227,212,165,217,148,191,227,212,165,217,3
335,38,184,1,38,184,1,38,184,1,38,184,1,22,195,234,38,184,1,38,184,1,22,195,234,6
336,55,254,145,55,254,145,55,254,145,55,254,145,142,231,81,142,231,81,55,254,145,142,231,81,5
337,229,38,24,229,38,24,229,38,24,229,38,24,229,38,24,229,38,24,229,38,24,54,195,210,8
338,231,82,252,231,82,252,231,82,252,231,82,252,231,82,252,231,82,252,231,82,252,175,198,74,8
339,200,166,71,79,105,109,200,166,71,79,105,109,79,105,109,200,166,71,79,105,109,200,166,71,4
340,221,238,231,221,238,231,221,238,231,221,238,231,221,238,231,221,238,231,221,238,231,54,128,132,8
341,19,191,105,19,191,105,19,191,105,19,191,105,19,191,105,19,191,105,19,191,105,45,209,181,8
342,204,159,166,218,60,128,204,159,166,204,159,166,204,159,166,204,159,166,204,159,166,218,60,128,0
343,41,69,40,41,69,40,41,69,40,41,69,40,245,62,200,41,69,40,41,69,40,245,62,200,6
344,93,31,123,93,31,123,93,31,123,93,31,123,203,227,78,203,227,78,93,31,123,203,227,78,5
345,34,120,101,34,120,101,34,120,101,34,120,101,73,60,219,34,120,101,73,60,219,34,120,101,1
346,109,9,62,83,229,39,109,9,62,83,229,39,83,229,39,109,9,62,83,229,39,109,9,62,4
347,66,99,167,66,99,167,66,99,167,66,99,167,102,180,135,66,99,167,66,99,167,102,180,135,6
348,150,110,131,150,110,131,150,110,131,230,170,182,150,110,131,230,170,182,150,110,131,230,170,182,3
349,161,194,162,40,158,210,161,194,162,161,194,162,161,194,162,161,194,162,161,194,162,40,158,210,0
350,42,245,227,42,245,227,42,245,227,42,245,227,42,245,227,42,245,227,42,245,227,200,67,21,8
351,244,217,239,244,217,239,244,217,239,133,120,135,244,217,239,133,120,135,244,217,239,133,120,135,3
352,28,128,139,28,128,139,28,128,139,28,128,139,28,128,139,28,128,139,28,128,139,81,132,205,8
353,187,155,119,187,155,119,187,155,119,187,155,119,193,223,129,187,155,119,193,223,129,187,155,119,1
354,20,94,50,100,95,156,20,94,50,20,94,50,20,94,50,20,94,50,20,94,50,100,95,156,0
355,103,220,123,140,245,38,140,245,38,140,245,38,103,220,123,140,245,38,103,220,123,140,245,38,7
356,185,252,57,178,74,9,185,252,57,185,252,57,185,252,57,185,252,57,185,252,57,178,74,9,0
357,114,15,220,114,15,220,114,15,220,114,15,220,114,15,220,114,15,220,114,15,220,188,206,107,8
358,223,239,119,223,239,119,223,239,119,249,227,156,223,239,119,223,239,119,249,227,156,249,227,156,2
359,150,23,200,150,23,200,150,23,200,150,23,200,108,125,46,150,23,200,108,125,46,150,23,200,1
360,215,129,251,215,129,251,215,129,251,157,55,111,215,129,251,157,55,111,215,129,251,157,55,111,3
361,229,47,46,46,90,100,229,47,46,229,47,46,229,47,46,229,47,46,229,47,46,46,90,100,0
362,199,145,52,199,145,52,199,145,52,199,145,52,199,145,52,16,83,221,199,145,52,16,83,221,9
363,227,213,214,208,36,88,227,213,214,208,36,88,208,36,88,227,213,214,208,36,88,227,213,214,4
364,138,227,86,138,227,86,138,227,86,138,227,86,138,227,86,138,227,86,138,227,86,19,237,201,8
365,7,97,20,3,4,189,7,97,20,7,97,20,7,97,20,7,97,20,7,97,20,3,4,189,0
366,41,188,68,41,188,68,41,188,68,41,188,68,41,188,68,211,87,105,41,188,68,211,87,105,9
367,200,30,59,200,30,59,200,30,59,26,62,132,200,30,59,200,30,59,26,62,132,26,62,132,2
368,172,98,72,6,15,134,172,98,72,6,15,134,6,15,134,172,98,72,6,15,134,172,98,72,4
369,146,23,76,146,23,76,146,23,76,146,23,76,208,24,235,146,23,76,208,24,235,146,23,76,1
370,163,175,249,163,175,249,163,175,249,70,201,202,163,175,249,70,201,202,163,175,249,70,201,202,3
371,224,38,152,67,80,49,224,38,152,67,80,49,67,80,49,224,38,152,67,80,49,224,38,152,4
372,153,79,66,153,79,66,153,79,66,153,79,66,153,79,66,166,209,88,153,79,66,166,209,88,9
373,102,33,234,102,33,234,102,33,234,102,33,234,3,255,120,102,33,234,3,255,120,102,33,234,1
374,193,52,102,193,52,102,193,52,102,193,52,102,193,52,102,123,118,28,193,52,102,123,118,28,9
375,106,162,114,196,69,147,196,69,147,196,69,147,106,162,114,196,69,147,106,162,114,196,69,147,7
376,167,173,201,167,173,201,167,173,201,167,173,201,132,168,113,167,173,201,167,173,201,132,168,113,6
377,157,207,246,157,207,246,157,207,246,157,207,246,102,224,200,157,207,246,102,224,200,157,207,246,1
378,68,146,62,115,203,39,115,203,39,115,203,39,68,146,62,115,203,39,68,146,62,115,203,39,7
379,18,85,41,110,195,104,18,85,41,110,195,104,110,195,104,18,85,41,110,195,104,18,85,41,4
380,245,83,186,245,83,186,245,83,186,131,213,95,245,83,186,131,213,95,245,83,186,131,213,95,3
381,216,211,57,216,211,57,216,211,57,216,211,57,54,27,78,216,211,57,54,27,78,216,211,57,1
382,66,81,117,82,98,154,66,81,117,82,98,154,82,98,154,66,81,117,82,98,154,66,81,117,4
383,125,209,46,125,209,46,125,209,46,125,209,46,125,209,46,84,246,220,125,209,46,84,246,220,9
384,204,21,53,204,21,53,204,21,53,100,14,189,204,21,53,204,21,53,100,14,189,100,14,189,2
385,246,62,188,246,62,188,246,62,188,246,62,188,231,92,1,246,62,188,246,62,188,231,92,1,6
386,120,184,34,101,101,142,101,101,142,101,101,142,120,184,34,101,101,142,120,184,34,101,101,142,7
387,196,25,62,196,25,62,196,25,62,196,25,62,196,25,62,140,37,115,196,25,62,140,37,115,9
388,79,9,190,79,9,190,79,9,190,79,9,190,14,233,119,79,9,190,14,233,119,79,9,190,1
389,236,171,22,236,171,22,236,171,22,236,171,22,215,62,20,236,171,22,236,171,22,215,62,20,6
390,217,117,206,203,30,98,203,30,98,203,30,98,217,117,206,203,30,98,217,117,206,203,30,98,7
391,110,254,34,110,254,34,110,254,34,110,254,34,110,254,34,251,190,74,110,254,34,251,190,74,9
392,135,209,226,135,209,226,135,209,226,135,209,226,135,209,226,135,209,226,135,209,226,143,56,125,8
393,217,6,132,217,6,132,217,6,132,217,6,132,149,165,226,217,6,132,217,6,132,149,165,226,6
394,118,59,158,118,59,158,118,59,158,118,59,158,118,59,158,229,131,36,118,59,158,229,131,36,9
395,10,251,160,10,251,160,10,251,160,238,160,255,10,251,160,10,251,160,238,160,255,238,160,255,2
396,232,244,7,57,149,121,232,244,7,57,149,121,57,149,121,232,244,7,57,149,121,232,244,7,4
397,43,13,16,43,13,16,43,13,16,246,142,129,43,13,16,246,142,129,43,13,16,246,142,129,3
398,111,73,142,111,73,142,111,73,142,111,73,142,73,58,103,73,58,103,111,73,142,73,58,103,5
399,76,235,150,76,235,150,76,235,150,76,235,150,76,235,150,223,21,122,76,235,150,223,21,122,9
400,209,207,115,209,207,115,209,207,115,209,207,115,194,75,37,209,207,115,209,207,115,194,75,37,6
401,174,14,18,222,51,140,174,14,18,222,51,140,222,51,140,174,14,18,222,51,140,174,14,18,4
402,193,60,74,193,60,74,193,60,74,208,52,207,193,60,74,208,52,207,193,60,74,208,52,207,3
403,138,85,248,138,85,248,138,85,248,30,242,85,138,85,248,30,242,85,138,85,248,30,242,85,3
404,210,201,228,210,201,228,210,201,228,210,201,228,83,62,85,83,62,85,210,201,228,83,62,85,5
405,77,170,100,77,170,100,77,170,100,77,170,100,165,67,78,77,170,100,165,67,78,77,170,100,1
406,166,91,182,166,91,182,166,91,182,166,91,182,166,91,182,166,91,182,166,91,182,127,203,226,8
407,127,207,225,127,207,225,127,207,225,127,207,225,178,1,245,127,207,225,178,1,245,127,207,225,1
408,48,216,87,48,216,87,48,216,87,48,216,87,244,200,133,48,216,87,244,200,133,48,216,87,1
409,229,1,248,50,163,217,229,1,248,50,163,217,50,163,217,229,1,248,50,163,217,229,1,248,4
410,174,65,206,213,9,128,174,65,206,174,65,206,174,65,206,174,65,206,174,65,206,213,9,128,0
411,214,202,23,86,60,22,214,202,23,214,202,23,214,202,23,214,202,23,214,202,23,86,60,22,0
412,211,44,2,211,44,2,211,44,2,211,44,2,211,44,2,211,44,2,211,44,2,99,222,173,8
413,85,51,52,85,51,52,85,51,52,85,51,52,235,242,2,85,51,52,85,51,52,235,242,2,6
414,55,146,92,55,146,92,55,146,92,55,146,92,226,248,53,226,248,53,55,146,92,226,248,53,5
415,68,49,129,169,47,67,68,49,129,169,47,67,169,47,67,68,49,129,169,47,67,68,49,129,4
416,36,203,7,229,175,32,36,203,7,36,203,7,36,203,7,36,203,7,36,203,7,229,175,32,0
417,184,62,223,184,62,223,184,62,223,143,115,218,184,62,223,143,115,218,184,62,223,143,115,218,3
418,187,159,156,80,144,254,80,144,254,80,144,254,187,159,156,80,144,254,187,159,156,80,144,254,7
419,31,23,101,31,23,101,31,23,101,31,23,101,216,76,131,31,23,101,216,76,131,31,23,101,1
420,245,59,129,245,59,129,245,59,129,245,59,129,245,59,129,140,69,29,245,59,129,140,69,29,9
421,128,79,78,128,79,78,128,79,78,128,79,78,128,79,78,181,232,221,128,79,78,181,232,221,9
422,41,206,28,64,161,189,64,161,189,64,161,189,41,206,28,64,161,189,41,206,28,64,161,189,7
423,74,194,128,240,71,137,74,194,128,240,71,137,240,71,137,74,194,128,240,71,137,74,194,128,4
424,202,239,207,202,239,207,202,239,207,202,239,207,253,94,67,202,239,207,253,94,67,202,239,207,1
425,246,36,27,246,36,27,246,36,27,246,36,27,171,135,156,246,36,27,246,36,27,171,135,156,6
426,29,123,231,29,123,231,29,123,231,47,14,96,29,123,231,29,123,231,47,14,96,47,14,96,2
427,243,144,146,243,144,146,243,144,146,243,144,146,239,110,61,239,110,61,243,144,146,239,110,61,5
428,157,45,110,97,186,193,157,45,110,157,45,110,157,45,110,157,45,110,157,45,110,97,186,193,0
429,166,35,25,226,161,65,166,35,25,166,35,25,166,35,25,166,35,25,166,35,25,226,161,65,0
430,4,195,207,4,195,207,4,195,207,51,104,171,4,195,207,51,104,171,4,195,207,51,104,171,3
431,148,110,210,215,224,5,148,110,210,148,110,210,148,110,210,148,110,210,148,110,210,215,224,5,0
432,71,92,107,71,92,107,71,92,107,71,92,107,19,210,55,71,92,107,19,210,55,71,92,107,1
433,9,156,99,9,156,99,9,156,99,9,156,99,9,156,99,9,156,99,9,156,99,69,243,205,8
434,124,194,128,124,194,128,124,194,128,124,194,128,145,145,26,145,145,26,124,194,128,145,145,26,5
435,158,41,190,158,41,190,158,41,190,172,63,10,158,41,190,158,41,190,172,63,10,172,63,10,2
436,51,248,239,51,248,239,51,248,239,51,248,239,20,246,52,51,248,239,20,246,52,51,248,239,1
437,206,199,171,206,199,171,206,199,171,206,199,171,206,199,171,169,104,185,206,199,171,169,104,185,9
438,134,198,194,226,102,113,134,198,194,134,198,194,134,198,194,134,198,194,134,198,194,226,102,113,0
439,72,41,22,24,62,215,24,62,215,24,62,215,72,41,22,24,62,215,72,41,22,24,62,215,7
440,202,34,125,202,34,125,202,34,125,202,34,125,136,117,105,136,117,105,202,34,125,136,117,105,5
441,123,190,253,123,190,253,123,190,253,123,190,253,123,190,253,72,173,56,123,190,253,72,173,56,9
442,35,81,193,67,98,57,35,81,193,67,98,57,67,98,57,35,81,193,67,98,57,35,81,193,4
443,57,103,45,57,103,45,57,103,45,57,103,45,197,234,171,197,234,171,57,103,45,197,234,171,5
444,59,156,38,59,156,38,59,156,38,141,78,231,59,156,38,59,156,38,141,78,231,141,78,231,2
445,6,120,154,6,120,154,6,120,154,81,42,139,6,120,154,6,120,154,81,42,139,81,42,139,2
446,69,155,177,69,155,177,69,155,177,69,155,177,69,155,177,144,255,13,69,155,177,144,255,13,9
447,110,87,29,110,87,29,110,87,29,110,87,29,74,187,42,74,187,42,110,87,29,74,187,42,5
448,164,52,45,164,52,45,164,52,45,164,52,45,99,245,8,164,52,45,99,245,8,164,52,45,1
449,144,111,52,144,111,52,144,111,52,81,78,200,144,111,52,144,111,52,81,78,200,81,78,200,2
450,153,76,36,153,76,36,153,76,36,153,76,36,153,76,36,220,126,84,153,76,36,220,126,84,9
451,179,38,142,179,38,142,179,38,142,179,38,142,87,102,143,179,38,142,179,38,142,87,102,143,6
452,117,140,21,117,140,21,117,140,21,117,140,21,188,76,67,117,140,21,117,140,21,188,76,67,6
453,11,215,70,11,215,70,11,215,70,11,215,70,252,239,255,252,239,255,11,215,70,252,239,255,5
454,75,178,244,75,178,244,75,178,244,75,178,244,124,191,32,124,191,32,75,178,244,124,191,32,5
455,48,80,113,48,80,113,48,80,113,48,80,113,170,195,254,48,80,113,48,80,113,170,195,254,6
456,8,104,85,8,104,85,8,104,85,8,104,85,8,104,85,188,165,191,8,104,85,188,165,191,9
457,218,84,47,218,84,47,218,84,47,218,84,47,218,84,47,218,84,47,218,84,47,137,31,28,8
458,81,118,100,81,118,100,81,118,100,81,118,100,81,118,100,81,118,100,81,118,100,141,190,233,8
459,108,85,221,108,85,221,108,85,221,108,85,221,118,123,96,118,123,96,108,85,221,118,123,96,5
460,14,40,103,14,40,103,14,40,103,14,40,103,139,243,217,14,40,103,139,243,217,14,40,103,1
461,82,168,227,82,168,227,82,168,227,227,81,239,82,168,227,227,81,239,82,168,227,227,81,239,3
462,193,129,244,193,129,244,193,129,244,110,29,19,193,129,244,110,29,19,193,129,244,110,29,19,3
463,33,207,217,78,198,218,33,207,217,78,198,218,78,198,218,33,207,217,78,198,218,33,207,217,4
464,61,235,4,61,235,4,61,235,4,61,235,4,61,235,4,61,235,4,61,235,4,31,246,63,8
465,45,121,1,106,80,215,106,80,215,106,80,215,45,121,1,106,80,215,45,121,1,106,80,215,7
466,33,136,115,33,136,115,33,136,115,33,136,115,35,13,11,35,13,11,33,136,115,35,13,11,5
467,244,49,228,244,49,228,244,49,228,244,49,228,244,49,228,77,242,213,244,49,228,77,242,213,9
468,168,203,108,168,203,108,168,203,108,168,203,108,66,22,134,168,203,108,66,22,134,168,203,108,1
469,245,0,216,245,0,216,245,0,216,245,0,216,31,16,133,245,0,216,31,16,133,245,0,216,1
470,77,168,166,238,11,110,238,11,110,238,11,110,77,168,166,238,11,110,77,168,166,238,11,110,7
471,229,25,41,229,25,41,229,25,41,229,25,41,229,25,41,204,24,210,229,25,41,204,24,210,9
472,155,161,241,155,161,241,155,161,241,122,152,160,155,161,241,122,152,160,155,161,241,122,152,160,3
473,108,99,75,208,102,209,108,99,75,208,102,209,208,102,209,108,99,75,208,102,209,108,99,75,4
474,84,217,186,120,229,151,84,217,186,120,229,151,120,229,151,84,217,186,120,229,151,84,217,186,4
475,154,206,217,154,206,217,154,206,217,154,206,217,154,206,217,123,228,141,154,206,217,123,228,141,9
476,212,208,156,143,12,235,212,208,156,143,12,235,143,12,235,212,208,156,143,12,235,212,208,156,4
477,120,191,151,120,191,151,120,191,151,120,191,151,106,250,114,120,191,151,106,250,114,120,191,151,1
478,251,50,127,251,50,127,251,50,127,251,50,127,122,9,25,251,50,127,251,50,127,122,9,25,6
479,9,102,27,18,42,134,9,102,27,9,102,27,9,102,27,9,102,27,9,102,27,18,42,134,0
480,74,23,167,74,23,167,74,23,167,237,83,231,74,23,167,237,83,231,74,23,167,237,83,231,3
481,59,248,179,59,248,179,59,248,179,59,248,179,33,141,234,59,248,179,59,248,179,33,141,234,6
482,17,105,47,42,31,116,17,105,47,42,31,116,42,31,116,17,105,47,42,31,116,17,105,47,4
483,93,59,96,93,59,96,93,59,96,93,59,96,93,59,96,93,59,96,93,59,96,213,239,140,8
484,241,98,11,241,98,11,241,98,11,241,98,11,157,113,88,241,98,11,241,98,11,157,113,88,6
485,38,219,175,38,219,175,38,219,175,38,219,175,108,78,129,38,219,175,38,219,175,108,78,129,6
486,59,148,193,86,213,93,59,148,193,59,148,193,59,148,193,59,148,193,59,148,193,86,213,93,0
487,166,239,65,210,134,179,210,134,179,210,134,179,166,239,65,210,134,179,166,239,65,210,134,179,7
488,154,157,100,154,157,100,154,157,100,154,157,100,150,112,35,150,112,35,154,157,100,150,112,35,5
489,231,249,129,231,249,129,231,249,129,176,76,222,231,249,129,176,76,222,231,249,129,176,76,222,3
490,14,73,212,14,73,212,14,73,212,14,73,212,125,101,222,14,73,212,14,73,212,125,101,222,6
491,5,53,253,5,53,253,5,53,253,178,22,214,5,53,253,178,22,214,5,53,253,178,22,214,3
492,111,136,134,111,136,134,111,136,134,111,136,134,111,136,134,111,136,134,111,136,134,68,254,32,8
493,202,101,54,202,101,54,202,101,54,202,101,54,202,101,54,202,101,54,202,101,54,141,26,12,8
494,105,250,1,34,2,95,105,250,1,105,250,1,105,250,1,105,250,1,105,250,1,34,2,95,0
495,223,150,12,115,97,13,115,97,13,115,97,13,223,150,12,115,97,13,223,150,12,115,97,13,7
496,73,251,69,73,251,69,73,251,69,158,202,221,73,251,69,73,251,69,158,202,221,158,202,221,2
497,145,161,4,145,161,4,145,161,4,145,161,4,162,92,52,145,161,4,162,92,52,145,161,4,1
498,182,224,126,182,224,126,182,224,126,182,224,126,108,43,7,108,43,7,182,224,126,108,43,7,5
499,50,106,216,50,106,216,50,106,216,50,106,216,50,106,216,133,119,193,50,106,216,133,119,193,9
500,45,84,81,45,84,81,45,84,81,45,84,81,45,84,81,45,84,81,45,84,81,237,105,109,8
501,35,221,85,35,221,85,35,221,85,35,221,85,84,100,159,84,100,159,35,221,85,84,100,159,5
502,69,168,64,69,168,64,69,168,64,235,177,188,69,168,64,235,177,188,69,168,64,235,177,188,3
503,216,92,90,216,92,90,216,92,90,216,92,90,216,92,90,216,92,90,216,92,90,179,77,114,8
504,7,109,22,7,109,22,7,109,22,7,109,22,203,208,25,7,109,22,203,208,25,7,109,22,1
505,103,92,195,49,181,190,103,92,195,49,181,190,49,181,190,103,92,195,49,181,190,103,92,195,4
506,196,163,133,97,179,77,196,163,133,97,179,77,97,179,77,196,163,133,97,179,77,196,163,133,4
507,57,75,76,38,88,246,57,75,76,57,75,76,57,75,76,57,75,76,57,75,76,38,88,246,0
508,203,118,150,125,3,117,203,118,150,125,3,117,125,3,117,203,118,150,125,3,117,203,118,150,4
509,110,179,195,85,69,22,85,69,22,85,69,22,110,179,195,85,69,22,110,179,195,85,69,22,7
510,55,135,59,55,135,59,55,135,59,3,136,25,55,135,59,3,136,25,55,135,59,3,136,25,3
511,111,242,66,111,242,66,111,242,66,111,242,66,182,100,119,111,242,66,111,242,66,182,100,119,6
512,184,174,114,174,108,89,174,108,89,174,108,89,184,174,114,174,108,89,184,174,114,174,108,89,7
513,9,122,182,9,122,182,9,122,182,9,122,182,3,244,49,9,122,182,3,244,49,9,122,182,1
514,213,86,27,175,227,92,175,227,92,175,227,92,213,86,27,175,227,92,213,86,27,175,227,92,7
515,128,48,3,215,242,182,128,48,3,215,242,182,215,242,182,128,48,3,215,242,182,128,48,3,4
516,16,241,61,170,28,198,170,28,198,170,28,198,16,241,61,170,28,198,16,241,61,170,28,198,7
517,126,2,10,126,2,10,126,2,10,33,134,77,126,2,10,33,134,77,126,2,10,33,134,77,3
518,109,4,60,109,4,60,109,4,60,109,4,60,176,168,122,176,168,122,109,4,60,176,168,122,5
519,117,144,119,117,144,119,117,144,119,166,228,15,117,144,119,166,228,15,117,144,119,166,228,15,3
520,213,136,53,213,136,53,213,136,53,213,136,53,213,136,53,121,171,80,213,136,53,121,171,80,9
521,227,65,219,227,65,219,227,65,219,227,65,219,214,117,24,227,65,219,214,117,24,227,65,219,1
522,162,125,68,162,125,68,162,125,68,162,125,68,16,59,7,16,59,7,162,125,68,16,59,7,5
523,71,12,72,210,95,151,71,12,72,210,95,151,210,95,151,71,12,72,210,95,151,71,12,72,4
524,224,93,212,78,74,132,78,74,132,78,74,132,224,93,212,78,74,132,224,93,212,78,74,132,7
525,193,66,87,58,5,49,58,5,49,58,5,49,193,66,87,58,5,49,193,66,87,58,5,49,7
526,197,211,221,197,211,221,197,211,221,197,211,221,197,211,221,197,211,221,197,211,221,201,106,192,8
527,52,37,173,52,37,173,52,37,173,52,37,173,207,3,3,207,3,3,52,37,173,207,3,3,5
528,205,55,76,205,55,76,205,55,76,205,55,76,205,55,76,205,55,76,205,55,76,52,243,143,8
529,20,88,112,20,88,112,20,88,112,27,111,86,20,88,112,27,111,86,20,88,112,27,111,86,3
530,249,225,117,249,225,117,249,225,117,137,121,201,249,225,117,137,121,201,249,225,117,137,121,201,3
531,239,102,133,239,102,133,239,102,133,239,102,133,239,102,133,165,31,242,239,102,133,165,31,242,9
532,90,124,204,23,5,145,90,124,204,23,5,145,23,5,145,90,124,204,23,5,145,90,124,204,4
533,153,57,173,242,91,158,242,91,158,242,91,158,153,57,173,242,91,158,153,57,173,242,91,158,7
534,83,64,185,83,64,185,83,64,185,83,64,185,132,27,101,132,27,101,83,64,185,132,27,101,5
535,69,2,126,217,104,60,217,104,60,217,104,60,69,2,126,217,104,60,69,2,126,217,104,60,7
536,229,5,210,150,251,14,229,5,210,150,251,14,150,251,14,229,5,210,150,251,14,229,5,210,4
537,253,54,77,253,54,77,253,54,77,228,233,174,253,54,77,228,233,174,253,54,77,228,233,174,3
538,65,194,199,143,95,190,65,194,199,65,194,199,65,194,199,65,194,199,65,194,199,143,95,190,0
539,172,173,210,89,101,184,172,173,210,172,173,210,172,173,210,172,173,210,172,173,210,89,101,184,0
540,64,168,57,64,168,57,64,168,57,64,168,57,19,146,71,64,168,57,64,168,57,19,146,71,6
541,175,109,181,71,147,57,175,109,181,71,147,57,71,147,57,175,109,181,71,147,57,175,109,181,4
542,228,75,78,243,206,54,243,206,54,243,206,54,228,75,78,243,206,54,228,75,78,243,206,54,7
543,178,106,226,178,106,226,178,106,226,178,106,226,178,106,226,178,106,226,178,106,226,137,147,154,8
544,68,53,65,68,53,65,68,53,65,121,10,152,68,53,65,68,53,65,121,10,152,121,10,152,2
545,227,28,96,71,172,30,227,28,96,227,28,96,227,28,96,227,28,96,227,28,96,71,172,30,0
546,66,92,61,66,92,61,66,92,61,66,92,61,185,156,236,66,92,61,66,92,61,185,156,236,6
547,35,119,60,186,183,224,35,119,60,35,119,60,35,119,60,35,119,60,35,119,60,186,183,224,0
548,19,118,211,19,118,211,19,118,211,93,85,48,19,118,211,19,118,211,93,85,48,93,85,48,2
549,109,246,140,109,246,140,109,246,140,52,207,203,109,246,140,52,207,203,109,246,140,52,207,203,3
550,239,213,70,168,115,165,168,115,165,168,115,165,239,213,70,168,115,165,239,213,70,168,115,165,7
551,13,58,202,13,58,202,13,58,202,238,118,254,13,58,202,238,118,254,13,58,202,238,118,254,3
552,58,210,115,104,154,182,58,210,115,58,210,115,58,210,115,58,210,115,58,210,115,104,154,182,0
553,9,198,245,9,198,245,9,198,245,9,198,245,222,246,177,222,246,177,9,198,245,222,246,177,5
554,244,5,205,244,5,205,244,5,205,90,180,176,244,5,205,244,5,205,90,180,176,90,180,176,2
555,86,177,179,244,156,95,244,156,95,244,156,95,86,177,179,244,156,95,86,177,179,244,156,95,7
556,148,66,161,242,112,83,242,112,83,242,112,83,148,66,161,242,112,83,148,66,161,242,112,83,7
557,43,171,83,43,171,83,43,171,83,43,171,83,43,135,171,43,171,83,43,171,83,43,135,171,6
558,25,30,60,25,30,60,25,30,60,25,30,60,204,201,204,25,30,60,25,30,60,204,201,204,6
559,197,216,21,197,216,21,197,216,21,178,176,231,197,216,21,197,216,21,178,176,231,178,176,231,2
560,172,10,207,172,10,207,172,10,207,172,10,207,172,10,207,235,33,7,172,10,207,235,33,7,9
561,206,150,175,64,79,167,206,150,175,206,150,175,206,150,175,206,150,175,206,150,175,64,79,167,0
562,30,117,197,30,117,197,30,117,197,91,7,17,30,117,197,30,117,197,91,7,17,91,7,17,2
563,195,158,75,211,233,237,211,233,237,211,233,237,195,158,75,211,233,237,195,158,75,211,233,237,7
564,42,240,157,42,240,157,42,240,157,238,120,253,42,240,157,238,120,253,42,240,157,238,120,253,3
565,130,120,165,130,120,165,130,120,165,130,120,165,119,176,73,130,120,165,119,176,73,130,120,165,1
566,112,205,15,112,205,15,112,205,15,24,199,59,112,205,15,112,205,15,24,199,59,24,199,59,2
567,135,219,215,181,206,69,135,219,215,181,206,69,181,206,69,135,219,215,181,206,69,135,219,215,4
568,211,100,107,154,195,209,211,100,107,211,100,107,211,100,107,211,100,107,211,100,107,154,195,209,0
569,145,44,6,145,44,6,145,44,6,145,44,6,168,141,169,168,141,169,145,44,6,168,141,169,5
570,47,8,186,47,8,186,47,8,186,47,8,186,245,77,255,47,8,186,47,8,186,245,77,255,6
571,131,248,8,79,35,168,131,248,8,131,248,8,131,248,8,131,248,8,131,248,8,79,35,168,0
572,63,16,160,215,126,218,63,16,160,215,126,218,215,126,218,63,16,160,215,126,218,63,16,160,4
573,205,136,202,205,136,202,205,136,202,205,136,202,45,79,77,45,79,77,205,136,202,45,79,77,5
574,235,42,24,235,42,24,235,42,24,235,42,24,101,185,143,235,42,24,101,185,143,235,42,24,1
575,91,29,39,91,29,39,91,29,39,91,29,39,91,29,39,91,29,39,91,29,39,181,161,187,8
576,183,41,99,183,41,99,183,41,99,161,33,226,183,41,99,183,41,99,161,33,226,161,33,226,2
577,184,48,254,184,48,254,184,48,254,184,48,254,183,169,232,184,48,254,184,48,254,183,169,232,6
578,18,52,36,18,52,36,18,52,36,157,123,148,18,52,36,157,123,148,18,52,36,157,123,148,3
579,34,120,132,34,120,132,34,120,132,34,120,132,23,254,18,34,120,132,34,120,132,23,254,18,6
580,69,49,61,69,49,61,69,49,61,69,49,61,124,252,95,124,252,95,69,49,61,124,252,95,5
581,129,96,67,129,96,67,129,96,67,129,96,67,129,96,67,139,233,108,129,96,67,139,233,108,9
582,248,214,148,48,41,107,248,214,148,48,41,107,48,41,107,248,214,148,48,41,107,248,214,148,4
583,235,54,221,178,178,49,178,178,49,178,178,49,235,54,221,178,178,49,235,54,221,178,178,49,7
584,100,83,219,100,83,219,100,83,219,189,187,92,100,83,219,100,83,219,189,187,92,189,187,92,2
585,137,192,59,44,91,176,137,192,59,137,192,59,137,192,59,137,192,59,137,192,59,44,91,176,0
586,206,184,8,206,184,8,206,184,8,206,184,8,206,184,8,190,14,33,206,184,8,190,14,33,9
587,247,177,160,247,177,160,247,177,160,247,177,160,41,88,108,247,177,160,247,177,160,41,88,108,6
588,21,183,248,21,183,248,21,183,248,41,62,172,21,183,248,41,62,172,21,183,248,41,62,172,3
589,39,221,43,39,221,43,39,221,43,39,221,43,39,221,43,39,221,43,39,221,43,244,215,55,8
590,29,21,155,104,219,179,104,219,179,104,219,179,29,21,155,104,219,179,29,21,155,104,219,179,7
591,161,141,75,161,141,75,161,141,75,161,141,75,161,141,75,161,141,75,161,141,75,55,157,110,8
592,166,202,20,90,48,225,166,202,20,166,202,20,166,202,20,166,202,20,166,202,20,90,48,225,0
593,49,4,242,131,188,133,49,4,242,131,188,133,131,188,133,49,4,242,131,188,133,49,4,242,4
594,232,74,117,232,74,117,232,74,117,232,74,117,232,74,117,11,179,226,232,74,117,11,179,226,9
595,1,38,13,18,72,48,1,38,13,1,38,13,1,38,13,1,38,13,1,38,13,18,72,48,0
596,208,243,74,208,243,74,208,243,74,208,243,74,208,243,74,208,243,74,208,243,74,220,102,5,8
597,126,180,126,126,180,126,126,180,126,126,180,126,126,180,126,5,43,206,126,180,126,5,43,206,9
598,228,116,96,228,116,96,228,116,96,228,116,96,68,48,26,68,48,26,228,116,96,68,48,26,5
599,39,135,191,229,86,80,229,86,80,229,86,80,39,135,191,229,86,80,39,135,191,229,86,80,7
600,177,239,19,177,239,19,177,239,19,193,28,132,177,239,19,177,239,19,193,28,132,193,28,132,2
601,94,237,151,84,55,19,94,237,151,94,237,151,94,237,151,94,237,151,94,237,151,84,55,19,0
602,246,241,149,246,241,149,246,241,149,233,209,76,246,241,149,233,209,76,246,241,149,233,209,76,3
603,144,69,246,156,10,63,144,69,246,156,10,63,156,10,63,144,69,246,156,10,63,144,69,246,4
604,183,187,162,238,250,94,183,187,162,183,187,162,183,187,162,183,187,162,183,187,162,238,250,94,0
605,79,255,253,79,255,253,79,255,253,79,255,253,205,145,187,205,145,187,79,255,253,205,145,187,5
606,14,112,20,26,243,255,26,243,255,26,243,255,14,112,20,26,243,255,14,112,20,26,243,255,7
607,223,52,64,223,52,64,223,52,64,223,52,64,238,154,160,223,52,64,223,52,64,238,154,160,6
608,199,96,199,53,48,123,199,96,199,199,96,199,199,96,199,199,96,199,199,96,199,53,48,123,0
609,88,44,212,88,44,212,88,44,212,88,44,212,44,24,32,88,44,212,88,44,212,44,24,32,6
610,155,229,181,18,60,102,18,60,102,18,60,102,155,229,181,18,60,102,155,229,181,18,60,102,7
611,81,67,253,156,22,248,81,67,253,156,22,248,156,22,248,81,67,253,156,22,248,81,67,253,4
612,133,20,80,133,20,80,133,20,80,178,216,72,133,20,80,133,20,80,178,216,72,178,216,72,2
613,154,52,97,154,52,97,154,52,97,154,52,97,17,249,23,154,52,97,17,249,23,154,52,97,1
614,165,194,14,165,194,14,165,194,14,15,135,248,165,194,14,165,194,14,15,135,248,15,135,248,2
615,85,225,75,157,104,173,157,104,173,157,104,173,85,225,75,157,104,173,85,225,75,157,104,173,7
616,128,92,184,39,96,110,39,96,110,39,96,110,128,92,184,39,96,110,128,92,184,39,96,110,7
617,178,186,143,178,186,143,178,186,143,178,186,143,178,186,143,157,9,212,178,186,143,157,9,212,9
618,21,102,102,21,102,102,21,102,102,123,139,150,21,102,102,21,102,102,123,139,150,123,139,150,2
619,198,86,41,225,196,87,225,196,87,225,196,87,198,86,41,225,196,87,198,86,41,225,196,87,7
620,3,63,235,3,63,235,3,63,235,3,63,235,197,28,125,3,63,235,3,63,235,197,28,125,6
621,251,246,180,50,183,226,251,246,180,50,183,226,50,183,226,251,246,180,50,183,226,251,246,180,4
622,15,247,103,15,247,103,15,247,103,15,247,103,15,247,103,15,247,103,15,247,103,149,204,162,8
623,111,211,89,111,211,89,111,211,89,131,66,249,111,211,89,131,66,249,111,211,89,131,66,249,3
624,166,139,196,166,139,196,166,139,196,241,227,53,166,139,196,166,139,196,241,227,53,241,227,53,2
625,107,116,7,107,116,7,107,116,7,107,116,7,76,117,227,107,116,7,76,117,227,107,116,7,1
626,9,85,158,9,85,158,9,85,158,9,85,158,238,116,230,9,85,158,238,116,230,9,85,158,1
627,32,255,64,111,34,74,111,34,74,111,34,74,32,255,64,111,34,74,32,255,64,111,34,74,7
628,208,242,204,7,236,208,7,236,208,7,236,208,208,242,204,7,236,208,208,242,204,7,236,208,7
629,77,200,64,77,200,64,77,200,64,77,200,64,97,219,236,77,200,64,77,200,64,97,219,236,6
630,250,197,7,250,197,7,250,197,7,106,95,213,250,197,7,250,197,7,106,95,213,106,95,213,2
631,63,70,12,63,70,12,63,70,12,63,70,12,210,182,20,210,182,20,63,70,12,210,182,20,5
632,247,30,22,247,30,22,247,30,22,247,30,22,159,52,133,159,52,133,247,30,22,159,52,133,5
633,250,185,160,250,185,160,250,185,160,250,185,160,89,230,128,250,185,160,89,230,128,250,185,160,1
634,83,88,70,83,88,70,83,88,70,83,88,70,83,88,70,153,65,86,83,88,70,153,65,86,9
635,161,183,136,161,183,136,161,183,136,161,183,136,184,101,80,184,101,80,161,183,136,184,101,80,5
636,56,27,163,71,97,158,56,27,163,71,97,158,71,97,158,56,27,163,71,97,158,56,27,163,4
637,79,126,51,79,126,51,79,126,51,79,126,51,71,7,157,79,126,51,79,126,51,71,7,157,6
638,49,212,47,67,188,38,67,188,38,67,188,38,49,212,47,67,188,38,49,212,47,67,188,38,7
639,186,172,76,75,64,64,75,64,64,75,64,64,186,172,76,75,64,64,186,172,76,75,64,64,7
640,76,68,212,76,68,212,76,68,212,102,138,238,76,68,212,76,68,212,102,138,238,102,138,238,2
641,34,234,198,34,234,198,34,234,198,34,234,198,34,234,198,85,103,12,34,234,198,85,103,12,9
642,90,248,203,24,90,91,24,90,91,24,90,91,90,248,203,24,90,91,90,248,203,24,90,91,7
643,158,196,156,225,250,8,158,196,156,225,250,8,225,250,8,158,196,156,225,250,8,158,196,156,4
644,241,98,207,241,98,207,241,98,207,241,98,207,193,89,166,241,98,207,241,98,207,193,89,166,6
645,91,85,17,91,85,17,91,85,17,91,85,17,91,85,17,91,85,17,91,85,17,105,24,151,8
646,139,68,172,139,68,172,139,68,172,139,68,172,139,68,172,139,68,172,139,68,172,140,207,254,8
647,142,26,244,125,92,228,125,92,228,125,92,228,142,26,244,125,92,228,142,26,244,125,92,228,7
648,42,7,58,42,7,58,42,7,58,228,125,204,42,7,58,228,125,204,42,7,58,228,125,204,3
649,217,125,202,217,125,202,217,125,202,217,125,202,217,125,202,217,125,202,217,125,202,241,66,202,8
650,236,172,206,150,70,198,150,70,198,150,70,198,236,172,206,150,70,198,236,172,206,150,70,198,7
651,142,115,180,142,115,180,142,115,180,94,12,4,142,115,180,142,115,180,94,12,4,94,12,4,2
652,77,248,35,77,248,35,77,248,35,77,248,35,80,101,124,77,248,35,80,101,124,77,248,35,1
653,55,90,229,55,90,229,55,90,229,55,90,229,196,244,110,196,244,110,55,90,229,196,244,110,5
654,153,140,211,186,69,87,153,140,211,153,140,211,153,140,211,153,140,211,153,140,211,186,69,87,0
655,179,47,181,179,47,181,179,47,181,179,47,181,179,47,181,179,47,181,179,47,181,149,251,203,8
656,136,48,156,136,48,156,136,48,156,216,179,10,136,48,156,136,48,156,216,179,10,216,179,10,2
657,196,211,178,196,211,178,196,211,178,196,211,178,111,195,66,196,211,178,196,211,178,111,195,66,6
658,141,249,62,141,249,62,141,249,62,156,36,25,141,249,62,156,36,25,141,249,62,156,36,25,3
659,231,253,179,231,253,179,231,253,179,231,253,179,234,10,14,231,253,179,231,253,179,234,10,14,6
660,159,112,132,159,112,132,159,112,132,88,23,164,159,112,132,159,112,132,88,23,164,88,23,164,2
661,8,181,120,8,181,120,8,181,120,28,171,115,8,181,120,8,181,120,28,171,115,28,171,115,2
662,186,56,63,140,238,61,140,238,61,140,238,61,186,56,63,140,238,61,186,56,63,140,238,61,7
663,51,245,122,17,88,135,51,245,122,51,245,122,51,245,122,51,245,122,51,245,122,17,88,135,0
664,42,224,74,42,224,74,42,224,74,32,159,126,42,224,74,42,224,74,32,159,126,32,159,126,2
665,186,52,25,186,52,25,186,52,25,246,254,10,186,52,25,186,52,25,246,254,10,246,254,10,2
666,248,86,182,248,86,182,248,86,182,248,86,182,248,86,182,248,86,182,248,86,182,242,179,10,8
667,172,24,69,172,24,69,172,24,69,144,71,241,172,24,69,172,24,69,144,71,241,144,71,241,2
668,114,44,200,114,44,200,114,44,200,228,173,87,114,44,200,228,173,87,114,44,200,228,173,87,3
669,37,49,144,37,49,144,37,49,144,45,157,193,37,49,144,37,49,144,45,157,193,45,157,193,2
670,24,246,135,163,116,48,163,116,48,163,116,48,24,246,135,163,116,48,24,246,135,163,116,48,7
671,103,129,164,103,129,164,103,129,164,103,129,164,84,217,87,103,129,164,84,217,87,103,129,164,1
672,186,131,227,194,149,153,194,149,153,194,149,153,186,131,227,194,149,153,186,131,227,194,149,153,7
673,99,111,90,98,1,98,98,1,98,98,1,98,99,111,90,98,1,98,99,111,90,98,1,98,7
674,12,73,50,12,73,50,12,73,50,12,73,50,120,217,6,120,217,6,12,73,50,120,217,6,5
675,146,18,117,146,18,117,146,18,117,146,18,117,146,18,117,146,18,117,146,18,117,54,26,10,8
676,196,99,200,196,99,200,196,99,200,196,99,200,27,56,92,196,99,200,196,99,200,27,56,92,6
677,38,102,162,38,102,162,38,102,162,92,89,167,38,102,162,92,89,167,38,102,162,92,89,167,3
678,77,248,10,77,248,10,77,248,10,77,248,10,54,158,213,54,158,213,77,248,10,54,158,213,5
679,76,109,64,76,109,64,76,109,64,76,109,64,76,109,64,237,89,115,76,109,64,237,89,115,9
680,67,230,101,67,230,101,67,230,101,202,13,23,67,230,101,67,230,101,202,13,23,202,13,23,2
681,203,29,181,203,29,181,203,29,181,203,29,181,178,59,213,178,59,213,203,29,181,178,59,213,5
682,170,70,242,170,70,242,170,70,242,170,70,242,15,97,128,170,70,242,15,97,128,170,70,242,1
683,106,9,95,106,9,95,106,9,95,106,9,95,106,9,95,237,57,136,106,9,95,237,57,136,9
684,88,145,78,88,145,78,88,145,78,88,145,78,247,200,108,88,145,78,88,145,78,247,200,108,6
685,229,20,91,229,20,91,229,20,91,229,20,91,229,20,91,229,20,91,229,20,91,171,218,90,8
686,159,185,69,159,185,69,159,185,69,159,185,69,207,172,82,207,172,82,159,185,69,207,172,82,5
687,156,204,74,156,204,74,156,204,74,156,204,74,156,204,74,200,231,172,156,204,74,200,231,172,9
688,158,101,102,158,101,102,158,101,102,247,92,21,158,101,102,247,92,21,158,101,102,247,92,21,3
689,87,132,238,87,132,238,87,132,238,87,132,238,87,132,238,87,132,238,87,132,238,110,167,186,8
690,200,9,170,200,9,170,200,9,170,200,9,170,200,9,170,95,108,176,200,9,170,95,108,176,9
691,222,228,85,16,29,69,222,228,85,222,228,85,222,228,85,222,228,85,222,228,85,16,29,69,0
692,104,136,242,69,15,222,104,136,242,104,136,242,104,136,242,104,136,242,104,136,242,69,15,222,0
693,148,167,168,165,247,26,148,167,168,165,247,26,165,247,26,148,167,168,165,247,26,148,167,168,4
694,187,206,213,187,206,213,187,206,213,187,206,213,187,206,213,185,27,11,187,206,213,185,27,11,9
695,236,68,159,236,68,159,236,68,159,236,68,159,157,62,252,236,68,159,236,68,159,157,62,252,6
696,116,156,20,116,156,20,116,156,20,116,156,20,149,115,43,116,156,20,116,156,20,149,115,43,6
697,51,56,14,180,58,4,180,58,4,180,58,4,51,56,14,180,58,4,51,56,14,180,58,4,7
698,141,205,189,141,205,189,141,205,189,170,68,80,141,205,189,170,68,80,141,205,189,170,68,80,3
699,12,201,251,12,201,251,12,201,251,12,201,251,59,188,190,59,188,190,12,201,251,59,188,190,5
700,199,172,192,199,172,192,199,172,192,199,172,192,227,223,204,199,172,192,199,172,192,227,223,204,6
701,76,34,24,76,34,24,76,34,24,76,34,24,12,207,26,76,34,24,76,34,24,12,207,26,6
702,242,44,218,243,76,124,243,76,124,243,76,124,242,44,218,243,76,124,242,44,218,243,76,124,7
703,65,200,248,65,200,248,65,200,248,65,200,248,21,122,111,21,122,111,65,200,248,21,122,111,5
704,10,210,165,10,210,165,10,210,165,10,210,165,8,128,221,8,128,221,10,210,165,8,128,221,5
705,156,18,32,156,18,32,156,18,32,156,18,32,187,243,220,187,243,220,156,18,32,187,243,220,5
706,91,137,156,91,137,156,91,137,156,91,137,156,225,75,243,225,75,243,91,137,156,225,75,243,5
707,143,194,103,46,148,149,46,148,149,46,148,149,143,194,103,46,148,149,143,194,103,46,148,149,7
708,67,153,30,205,220,22,67,153,30,205,220,22,205,220,22,67,153,30,205,220,22,67,153,30,4
709,195,116,155,195,116,155,195,116,155,195,116,155,159,175,4,195,116,155,159,175,4,195,116,155,1
710,251,51,202,251,51,202,251,51,202,251,51,202,222,150,241,251,51,202,222,150,241,251,51,202,1
711,150,106,6,228,196,212,228,196,212,228,196,212,150,106,6,228,196,212,150,106,6,228,196,212,7
712,246,13,195,246,13,195,246,13,195,113,73,174,246,13,195,246,13,195,113,73,174,113,73,174,2
713,41,31,45,41,31,45,41,31,45,41,31,45,104,94,78,41,31,45,104,94,78,41,31,45,1
714,65,142,108,65,142,108,65,142,108,65,142,108,74,116,172,65,142,108,74,116,172,65,142,108,1
715,193,174,149,193,174,149,193,174,149,193,174,149,37,70,228,193,174,149,193,174,149,37,70,228,6
716,242,233,117,242,233,117,242,233,117,183,121,168,242,233,117,183,121,168,242,233,117,183,121,168,3
717,129,106,63,129,106,63,129,106,63,129,106,63,187,150,160,129,106,63,129,106,63,187,150,160,6
718,124,215,117,124,215,117,124,215,117,72,96,218,124,215,117,124,215,117,72,96,218,72,96,218,2
719,28,170,18,247,189,32,28,170,18,28,170,18,28,170,18,28,170,18,28,170,18,247,189,32,0
720,144,213,181,166,201,248,144,213,181,166,201,248,166,201,248,144,213,181,166,201,248,144,213,181,4
721,18,222,82,18,222,82,18,222,82,18,222,82,18,222,82,18,222,82,18,222,82,3,223,243,8
722,161,39,78,161,39,78,161,39,78,161,39,78,249,104,140,161,39,78,249,104,140,161,39,78,1
723,182,15,114,182,15,114,182,15,114,182,15,114,182,15,114,171,13,154,182,15,114,171,13,154,9
724,211,250,46,211,250,46,211,250,46,40,223,109,211,250,46,40,223,109,211,250,46,40,223,109,3
725,48,218,101,202,70,83,48,218,101,202,70,83,202,70,83,48,218,101,202,70,83,48,218,101,4
726,119,211,107,119,211,107,119,211,107,132,97,167,119,211,107,132,97,167,119,211,107,132,97,167,3
727,114,216,27,118,134,208,114,216,27,114,216,27,114,216,27,114,216,27,114,216,27,118,134,208,0
728,49,138,219,49,138,219,49,138,219,49,138,219,49,138,219,63,233,60,49,138,219,63,233,60,9
729,127,248,22,76,77,204,127,248,22,127,248,22,127,248,22,127,248,22,127,248,22,76,77,204,0
730,129,173,124,129,173,124,129,173,124,129,173,124,129,173,124,7,60,172,129,173,124,7,60,172,9
731,135,234,71,135,234,71,135,234,71,199,99,165,135,234,71,199,99,165,135,234,71,199,99,165,3
732,246,133,110,246,133,110,246,133,110,246,133,110,246,133,110,246,133,110,246,133,110,52,79,159,8
733,66,173,134,66,173,134,66,173,134,66,173,134,66,173,134,20,202,59,66,173,134,20,202,59,9
734,241,173,143,241,173,143,241,173,143,241,173,143,241,173,143,201,133,235,241,173,143,201,133,235,9
735,167,48,179,167,48,179,167,48,179,167,48,179,167,48,179,152,225,173,167,48,179,152,225,173,9
736,96,51,52,159,115,238,96,51,52,96,51,52,96,51,52,96,51,52,96,51,52,159,115,238,0
737,117,195,157,117,195,157,117,195,157,117,195,157,117,195,157,81,16,182,117,195,157,81,16,182,9
738,65,207,149,65,207,149,65,207,149,65,207,149,236,132,254,65,207,149,65,207,149,236,132,254,6
739,156,4,233,156,4,233,156,4,233,156,4,233,189,126,189,156,4,233,156,4,233,189,126,189,6
740,135,115,87,135,115,87,135,115,87,135,115,87,244,252,87,135,115,87,135,115,87,244,252,87,6
741,208,180,158,208,180,158,208,180,158,208,180,158,208,180,158,208,180,158,208,180,158,10,12,50,8
742,73,82,5,73,82,5,73,82,5,73,82,5,73,82,5,73,82,5,73,82,5,76,198,6,8
743,237,229,3,237,229,3,237,229,3,237,229,3,237,229,3,153,100,46,237,229,3,153,100,46,9
744,29,107,101,180,60,246,29,107,101,29,107,101,29,107,101,29,107,101,29,107,101,180,60,246,0
745,128,155,134,128,155,134,128,155,134,16,99,44,128,155,134,128,155,134,16,99,44,16,99,44,2
746,19,156,36,216,174,255,19,156,36,19,156,36,19,156,36,19,156,36,19,156,36,216,174,255,0
747,94,44,100,94,44,100,94,44,100,165,90,99,94,44,100,94,44,100,165,90,99,165,90,99,2
748,79,214,160,79,214,160,79,214,160,79,214,160,70,131,198,79,214,160,70,131,198,79,214,160,1
749,65,45,211,65,45,211,65,45,211,65,45,211,252,160,76,65,45,211,65,45,211,252,160,76,6
750,50,220,251,88,181,195,50,220,251,88,181,195,88,181,195,50,220,251,88,181,195,50,220,251,4
751,242,127,130,242,127,130,242,127,130,242,127,130,242,127,130,242,127,130,242,127,130,126,232,107,8
752,140,135,45,140,135,45,140,135,45,140,135,45,199,112,11,199,112,11,140,135,45,199,112,11,5
753,250,55,28,250,55,28,250,55,28,250,55,28,250,55,28,112,233,58,250,55,28,112,233,58,9
754,87,72,145,87,72,145,87,72,145,248,192,194,87,72,145,248,192,194,87,72,145,248,192,194,3
755,10,65,198,10,65,198,10,65,198,10,65,198,10,65,198,10,65,198,10,65,198,18,72,172,8
756,195,195,10,195,195,10,195,195,10,195,195,10,124,32,253,195,195,10,124,32,253,195,195,10,1
757,98,213,241,98,213,241,98,213,241,98,213,241,98,213,241,199,132,43,98,213,241,199,132,43,9
758,121,158,91,11,1,118,121,158,91,11,1,118,11,1,118,121,158,91,11,1,118,121,158,91,4
759,235,182,148,127,125,69,127,125,69,127,125,69,235,182,148,127,125,69,235,182,148,127,125,69,7
760,167,29,33,125,169,247,167,29,33,167,29,33,167,29,33,167,29,33,167,29,33,125,169,247,0
761,21,223,175,21,223,175,21,223,175,21,223,175,21,223,175,21,223,175,21,223,175,230,114,137,8
762,167,199,123,167,199,123,167,199,123,167,199,123,17,170,107,167,199,123,17,170,107,167,199,123,1
763,150,246,246,150,246,246,150,246,246,150,246,246,24,21,84,24,21,84,150,246,246,24,21,84,5
764,183,158,57,183,158,57,183,158,57,183,158,57,183,158,57,54,95,175,183,158,57,54,95,175,9
765,79,39,53,79,39,53,79,39,53,79,39,53,86,178,120,79,39,53,79,39,53,86,178,120,6
766,137,161,107,137,161,107,137,161,107,162,4,118,137,161,107,162,4,118,137,161,107,162,4,118,3
767,59,225,166,59,225,166,59,225,166,227,54,37,59,225,166,227,54,37,59,225,166,227,54,37,3
768,26,219,79,26,219,79,26,219,79,165,250,74,26,219,79,26,219,79,165,250,74,165,250,74,2
769,190,67,26,190,67,26,190,67,26,190,67,26,190,67,26,171,243,224,190,67,26,171,243,224,9
770,28,47,186,28,47,186,28,47,186,28,47,186,28,47,186,28,47,186,28,47,186,104,225,232,8
771,165,128,26,47,39,174,165,128,26,47,39,174,47,39,174,165,128,26,47,39,174,165,128,26,4
772,161,90,243,161,90,243,161,90,243,161,90,243,161,90,243,62,161,37,161,90,243,62,161,37,9
773,100,82,145,100,82,145,100,82,145,100,82,145,100,82,145,100,82,145,100,82,145,244,11,195,8
774,89,206,243,89,206,243,89,206,243,89,206,243,42,14,148,89,206,243,42,14,148,89,206,243,1
775,141,166,159,141,166,159,141,166,159,141,166,159,205,177,49,205,177,49,141,166,159,205,177,49,5
776,37,45,27,128,13,123,37,45,27,128,13,123,128,13,123,37,45,27,128,13,123,37,45,27,4
777,197,31,211,197,31,211,197,31,211,197,31,211,222,109,92,197,31,211,197,31,211,222,109,92,6
778,226,240,35,90,63,99,226,240,35,226,240,35,226,240,35,226,240,35,226,240,35,90,63,99,0
779,176,128,173,176,128,173,176,128,173,2,231,210,176,128,173,2,231,210,176,128,173,2,231,210,3
780,36,227,184,36,227,184,36,227,184,121,17,66,36,227,184,36,227,184,121,17,66,121,17,66,2
781,12,18,84,12,18,84,12,18,84,12,18,84,179,105,218,12,18,84,12,18,84,179,105,218,6
782,154,46,184,154,46,184,154,46,184,154,46,184,154,46,184,236,209,180,154,46,184,236,209,180,9
783,150,148,18,242,219,212,150,148,18,242,219,212,242,219,212,150,148,18,242,219,212,150,148,18,4
784,138,250,138,138,250,138,138,250,138,14,217,246,138,250,138,14,217,246,138,250,138,14,217,246,3
785,136,87,242,136,87,242,136,87,242,136,87,242,136,87,242,136,87,242,136,87,242,100,226,92,8
786,123,233,232,123,233,232,123,233,232,123,233,232,127,254,25,123,233,232,127,254,25,123,233,232,1
787,159,241,151,222,237,171,222,237,171,222,237,171,159,241,151,222,237,171,159,241,151,222,237,171,7
788,218,5,87,218,5,87,218,5,87,218,5,87,91,229,58,218,5,87,218,5,87,91,229,58,6
789,43,171,248,43,171,248,43,171,248,43,171,248,216,86,88,43,171,248,216,86,88,43,171,248,1
790,14,17,119,14,17,119,14,17,119,42,217,97,14,17,119,42,217,97,14,17,119,42,217,97,3
791,147,5,71,253,62,233,147,5,71,253,62,233,253,62,233,147,5,71,253,62,233,147,5,71,4
792,192,159,181,192,159,181,192,159,181,192,159,181,146,212,174,146,212,174,192,159,181,146,212,174,5
793,101,76,25,101,76,25,101,76,25,101,76,25,101,76,25,169,27,193,101,76,25,169,27,193,9
794,222,138,162,222,138,162,222,138,162,86,157,185,222,138,162,222,138,162,86,157,185,86,157,185,2
795,70,52,60,70,52,60,70,52,60,70,52,60,108,62,46,108,62,46,70,52,60,108,62,46,5
796,97,181,150,97,181,150,97,181,150,97,181,150,97,181,150,97,181,150,97,181,150,138,8,176,8
797,10,205,179,10,205,179,10,205,179,10,205,179,10,205,179,19,52,74,10,205,179,19,52,74,9
798,203,135,183,203,135,183,203,135,183,203,135,183,219,31,4,203,135,183,219,31,4,203,135,183,1
799,9,19,80,9,19,80,9,19,80,9,19,80,63,27,213,9,19,80,9,19,80,63,27,213,6
800,21,107,129,21,107,129,21,107,129,95,120,13,21,107,129,21,107,129,95,120,13,95,120,13,2
